1,0,0,dt,0,0,0,0,0,0,0,0
0,1,0,0,dt,0,0,0,0,0,0,0
0,0,1,0,0,dt,0,0,0,0,0,0
0,0,0,1 - dt*kd,0,0,0,(Tau*dt*cos(ty)*sin(tz))/m,(Tau*dt*cos(tz)*sin(ty))/m,0,0,0
0,0,0,0,1 - dt*kd,0,0,-(Tau*dt*cos(ty)*cos(tz))/m,(Tau*dt*sin(ty)*sin(tz))/m,0,0,0
0,0,0,0,0,1 - dt*kd,0,-(Tau*dt*sin(ty))/m,0,0,0,0
0,0,0,0,0,0,(Ix*Iy*Iz*cos(ty) - Iy*Iz**2*dt**2*tdoty**2*cos(ty)*sin(tx)**2 + Iy**2*Iz*dt**2*tdoty**2*cos(ty)*sin(tx)**2 - Iy*Iz**2*dt**2*tdotz**2*cos(tx)**2*cos(ty)**3 + Iy**2*Iz*dt**2*tdotz**2*cos(tx)**2*cos(ty)**3 + Iy*Iz**2*dt**2*tdotz**2*cos(ty)**3*sin(tx)**2 - Iy**2*Iz*dt**2*tdotz**2*cos(ty)**3*sin(tx)**2 + Ix*Iz*dt**2*tauy*cos(tx)*sin(ty) + Iy*Iz**2*dt**2*tdoty**2*cos(tx)**2*cos(ty) - Iy**2*Iz*dt**2*tdoty**2*cos(tx)**2*cos(ty) - Ix*Iy*dt**2*tauz*sin(tx)*sin(ty) + Ix*Iy**2*dt**2*tdotz**2*cos(tx)**2*cos(ty)*sin(ty)**2 - Ix**2*Iy*dt**2*tdotz**2*cos(tx)**2*cos(ty)*sin(ty)**2 - Ix*Iz**2*dt**2*tdotz**2*cos(tx)**2*cos(ty)*sin(ty)**2 + Ix**2*Iz*dt**2*tdotz**2*cos(tx)**2*cos(ty)*sin(ty)**2 - Ix*Iy**2*dt**2*tdotz**2*cos(ty)*sin(tx)**2*sin(ty)**2 + Ix**2*Iy*dt**2*tdotz**2*cos(ty)*sin(tx)**2*sin(ty)**2 + Ix*Iz**2*dt**2*tdotz**2*cos(ty)*sin(tx)**2*sin(ty)**2 - Ix**2*Iz*dt**2*tdotz**2*cos(ty)*sin(tx)**2*sin(ty)**2 - 2*Ix*Iy**2*dt**2*tdoty*tdotz*cos(tx)*sin(tx)*sin(ty)**2 + 2*Ix**2*Iy*dt**2*tdoty*tdotz*cos(tx)*sin(tx)*sin(ty)**2 + Ix*Iy**2*dt**2*tdotx*tdotz*cos(ty)*sin(tx)**2*sin(ty) - Ix**2*Iy*dt**2*tdotx*tdotz*cos(ty)*sin(tx)**2*sin(ty) + 2*Ix*Iz**2*dt**2*tdoty*tdotz*cos(tx)*sin(tx)*sin(ty)**2 - 2*Ix**2*Iz*dt**2*tdoty*tdotz*cos(tx)*sin(tx)*sin(ty)**2 - Ix*Iz**2*dt**2*tdotx*tdotz*cos(ty)*sin(tx)**2*sin(ty) + Ix**2*Iz*dt**2*tdotx*tdotz*cos(ty)*sin(tx)**2*sin(ty) + 2*Ix*Iy**2*dt**2*tdotx*tdoty*cos(tx)*sin(tx)*sin(ty) - 2*Ix**2*Iy*dt**2*tdotx*tdoty*cos(tx)*sin(tx)*sin(ty) - 2*Ix*Iz**2*dt**2*tdotx*tdoty*cos(tx)*sin(tx)*sin(ty) + 2*Ix**2*Iz*dt**2*tdotx*tdoty*cos(tx)*sin(tx)*sin(ty) - Ix*Iy**2*dt**2*tdotx*tdotz*cos(tx)**2*cos(ty)*sin(ty) + Ix**2*Iy*dt**2*tdotx*tdotz*cos(tx)**2*cos(ty)*sin(ty) + Ix*Iz**2*dt**2*tdotx*tdotz*cos(tx)**2*cos(ty)*sin(ty) - Ix**2*Iz*dt**2*tdotx*tdotz*cos(tx)**2*cos(ty)*sin(ty) + 4*Iy*Iz**2*dt**2*tdoty*tdotz*cos(tx)*cos(ty)**2*sin(tx) - 4*Iy**2*Iz*dt**2*tdoty*tdotz*cos(tx)*cos(ty)**2*sin(tx))/(Ix*Iy*Iz*cos(ty)),(dt*(Ix**2*Iz*dt*tdotx*tdoty - Ix*Iz**2*dt*tdotx*tdoty + Ix*Iy*dt*tauz*cos(tx) + Ix*Iz*dt*tauy*sin(tx) + Ix*Iz**2*dt*tdoty*tdotz*sin(ty) - Ix**2*Iz*dt*tdoty*tdotz*sin(ty) - Ix*Iy**2*dt*tdotx*tdoty*cos(tx)**2 + Ix**2*Iy*dt*tdotx*tdoty*cos(tx)**2 + Ix*Iz**2*dt*tdotx*tdoty*cos(tx)**2 - Ix**2*Iz*dt*tdotx*tdoty*cos(tx)**2 + Ix*Iy**2*dt*tdoty*tdotz*cos(tx)**2*sin(ty) - Ix**2*Iy*dt*tdoty*tdotz*cos(tx)**2*sin(ty) - Ix*Iz**2*dt*tdoty*tdotz*cos(tx)**2*sin(ty) + Ix**2*Iz*dt*tdoty*tdotz*cos(tx)**2*sin(ty) + Ix*Iz**2*dt*tdoty*tdotz*cos(ty)**2*sin(ty) - Ix**2*Iz*dt*tdoty*tdotz*cos(ty)**2*sin(ty) - Iy*Iz**2*dt*tdoty*tdotz*cos(ty)**2*sin(ty) + Iy**2*Iz*dt*tdoty*tdotz*cos(ty)**2*sin(ty) + 2*Ix*Iy**2*dt*tdotz**2*cos(tx)*cos(ty)**3*sin(tx)*sin(ty) - 2*Ix**2*Iy*dt*tdotz**2*cos(tx)*cos(ty)**3*sin(tx)*sin(ty) - 2*Ix*Iz**2*dt*tdotz**2*cos(tx)*cos(ty)**3*sin(tx)*sin(ty) + 2*Ix**2*Iz*dt*tdotz**2*cos(tx)*cos(ty)**3*sin(tx)*sin(ty) + 2*Iy*Iz**2*dt*tdotz**2*cos(tx)*cos(ty)**3*sin(tx)*sin(ty) - 2*Iy**2*Iz*dt*tdotz**2*cos(tx)*cos(ty)**3*sin(tx)*sin(ty) - Ix*Iy**2*dt*tdotx*tdotz*cos(tx)*cos(ty)**3*sin(tx) + Ix**2*Iy*dt*tdotx*tdotz*cos(tx)*cos(ty)**3*sin(tx) + Ix*Iz**2*dt*tdotx*tdotz*cos(tx)*cos(ty)**3*sin(tx) - Ix**2*Iz*dt*tdotx*tdotz*cos(tx)*cos(ty)**3*sin(tx) + Ix*Iy**2*dt*tdoty*tdotz*cos(tx)**2*cos(ty)**2*sin(ty) - Ix**2*Iy*dt*tdoty*tdotz*cos(tx)**2*cos(ty)**2*sin(ty) - Ix*Iz**2*dt*tdoty*tdotz*cos(tx)**2*cos(ty)**2*sin(ty) + Ix**2*Iz*dt*tdoty*tdotz*cos(tx)**2*cos(ty)**2*sin(ty) + 2*Iy*Iz**2*dt*tdoty*tdotz*cos(tx)**2*cos(ty)**2*sin(ty) - 2*Iy**2*Iz*dt*tdoty*tdotz*cos(tx)**2*cos(ty)**2*sin(ty)))/(Ix*Iy*Iz*cos(ty)**2),0,(dt*(Iy*Iz*cos(ty) - Iy**2*dt*tdoty*cos(tx)**2*sin(ty) - Iz**2*dt*tdoty*sin(tx)**2*sin(ty) + Ix*Iy*dt*tdoty*cos(tx)**2*sin(ty) + Ix*Iz*dt*tdoty*sin(tx)**2*sin(ty) - Iy**2*dt*tdotz*cos(tx)*cos(ty)*sin(tx)*sin(ty) + Iz**2*dt*tdotz*cos(tx)*cos(ty)*sin(tx)*sin(ty) + Ix*Iy*dt*tdotz*cos(tx)*cos(ty)*sin(tx)*sin(ty) - Ix*Iz*dt*tdotz*cos(tx)*cos(ty)*sin(tx)*sin(ty)))/(Iy*Iz*cos(ty)),-(dt**2*(Iy*Iz**2*tdotz*cos(tx)**2*cos(ty)**2 - Iy**2*Iz*tdotz*cos(tx)**2*cos(ty)**2 - Ix*Iy**2*tdotz*cos(tx)**2*sin(ty)**2 + Ix**2*Iy*tdotz*cos(tx)**2*sin(ty)**2 - Iy*Iz**2*tdotz*cos(ty)**2*sin(tx)**2 + Iy**2*Iz*tdotz*cos(ty)**2*sin(tx)**2 - Ix*Iz**2*tdotz*sin(tx)**2*sin(ty)**2 + Ix**2*Iz*tdotz*sin(tx)**2*sin(ty)**2 + Ix*Iy**2*tdotx*cos(tx)**2*sin(ty) - Ix**2*Iy*tdotx*cos(tx)**2*sin(ty) + Ix*Iz**2*tdotx*sin(tx)**2*sin(ty) - Ix**2*Iz*tdotx*sin(tx)**2*sin(ty) - 2*Iy*Iz**2*tdoty*cos(tx)*cos(ty)*sin(tx) + 2*Iy**2*Iz*tdoty*cos(tx)*cos(ty)*sin(tx)))/(Ix*Iy*Iz*cos(ty)),(dt*(Ix*Iy*Iz*cos(tx)**2*cos(ty)*sin(ty) - (Ix*Iy*Iz*sin(2*ty))/2 + Ix*Iy*Iz*cos(ty)*sin(tx)**2*sin(ty) - Iy*Iz**2*dt*tdoty*cos(tx)**2*cos(ty)**2 + Iy**2*Iz*dt*tdoty*cos(tx)**2*cos(ty)**2 + Ix*Iy**2*dt*tdoty*cos(tx)**2*sin(ty)**2 - Ix**2*Iy*dt*tdoty*cos(tx)**2*sin(ty)**2 + Iy*Iz**2*dt*tdoty*cos(ty)**2*sin(tx)**2 - Iy**2*Iz*dt*tdoty*cos(ty)**2*sin(tx)**2 + Ix*Iz**2*dt*tdoty*sin(tx)**2*sin(ty)**2 - Ix**2*Iz*dt*tdoty*sin(tx)**2*sin(ty)**2 - 2*Iy*Iz**2*dt*tdotz*cos(tx)*cos(ty)**3*sin(tx) + 2*Iy**2*Iz*dt*tdotz*cos(tx)*cos(ty)**3*sin(tx) + 2*Ix*Iy**2*dt*tdotz*cos(tx)*cos(ty)*sin(tx)*sin(ty)**2 - 2*Ix**2*Iy*dt*tdotz*cos(tx)*cos(ty)*sin(tx)*sin(ty)**2 - 2*Ix*Iz**2*dt*tdotz*cos(tx)*cos(ty)*sin(tx)*sin(ty)**2 + 2*Ix**2*Iz*dt*tdotz*cos(tx)*cos(ty)*sin(tx)*sin(ty)**2 - Ix*Iy**2*dt*tdotx*cos(tx)*cos(ty)*sin(tx)*sin(ty) + Ix**2*Iy*dt*tdotx*cos(tx)*cos(ty)*sin(tx)*sin(ty) + Ix*Iz**2*dt*tdotx*cos(tx)*cos(ty)*sin(tx)*sin(ty) - Ix**2*Iz*dt*tdotx*cos(tx)*cos(ty)*sin(tx)*sin(ty)))/(Ix*Iy*Iz*cos(ty))
0,0,0,0,0,0,-(dt**2*(Iz*tauy*sin(tx) + Iy**2*tdotx*tdoty - Iz**2*tdotx*tdoty + Iy*tauz*cos(tx) - 2*Iy**2*tdotx*tdoty*cos(tx)**2 + 2*Iz**2*tdotx*tdoty*cos(tx)**2 - Iy**2*tdoty*tdotz*sin(ty) + Iz**2*tdoty*tdotz*sin(ty) - Ix*Iy*tdotx*tdoty + Ix*Iz*tdotx*tdoty + 2*Iy**2*tdoty*tdotz*cos(tx)**2*sin(ty) - 2*Iz**2*tdoty*tdotz*cos(tx)**2*sin(ty) + 2*Ix*Iy*tdotx*tdoty*cos(tx)**2 - 2*Ix*Iz*tdotx*tdoty*cos(tx)**2 + Ix*Iy*tdoty*tdotz*sin(ty) - Ix*Iz*tdoty*tdotz*sin(ty) + 2*Iy**2*tdotz**2*cos(tx)*cos(ty)*sin(tx)*sin(ty) - 2*Iz**2*tdotz**2*cos(tx)*cos(ty)*sin(tx)*sin(ty) - 2*Iy**2*tdotx*tdotz*cos(tx)*cos(ty)*sin(tx) + 2*Iz**2*tdotx*tdotz*cos(tx)*cos(ty)*sin(tx) - 2*Ix*Iy*tdoty*tdotz*cos(tx)**2*sin(ty) + 2*Ix*Iz*tdoty*tdotz*cos(tx)**2*sin(ty) - 2*Ix*Iy*tdotz**2*cos(tx)*cos(ty)*sin(tx)*sin(ty) + 2*Ix*Iz*tdotz**2*cos(tx)*cos(ty)*sin(tx)*sin(ty) + 2*Ix*Iy*tdotx*tdotz*cos(tx)*cos(ty)*sin(tx) - 2*Ix*Iz*tdotx*tdotz*cos(tx)*cos(ty)*sin(tx)))/(Iy*Iz),(Iy*Iz - Iz**2*dt**2*tdotz**2*cos(tx)**2*cos(ty)**2 - Iy**2*dt**2*tdotz**2*cos(ty)**2*sin(tx)**2 + Iz**2*dt**2*tdotz**2*cos(tx)**2*sin(ty)**2 + Iy**2*dt**2*tdotz**2*sin(tx)**2*sin(ty)**2 + Ix*Iy*dt**2*tdotz**2*cos(ty)**2*sin(tx)**2 - Ix*Iz*dt**2*tdotz**2*cos(tx)**2*sin(ty)**2 - Ix*Iy*dt**2*tdotz**2*sin(tx)**2*sin(ty)**2 - Iz**2*dt**2*tdotx*tdotz*cos(tx)**2*sin(ty) - Iy**2*dt**2*tdotx*tdotz*sin(tx)**2*sin(ty) + Ix*Iz*dt**2*tdotz**2*cos(tx)**2*cos(ty)**2 - Iy**2*dt**2*tdoty*tdotz*cos(tx)*cos(ty)*sin(tx) + Iz**2*dt**2*tdoty*tdotz*cos(tx)*cos(ty)*sin(tx) + Ix*Iz*dt**2*tdotx*tdotz*cos(tx)**2*sin(ty) + Ix*Iy*dt**2*tdotx*tdotz*sin(tx)**2*sin(ty) + Ix*Iy*dt**2*tdoty*tdotz*cos(tx)*cos(ty)*sin(tx) - Ix*Iz*dt**2*tdoty*tdotz*cos(tx)*cos(ty)*sin(tx))/(Iy*Iz),0,(dt**2*((Iy**2*tdoty*sin(2*tx))/2 - (Iz**2*tdoty*sin(2*tx))/2 + Iz**2*tdotz*cos(tx)**2*cos(ty) + Iy**2*tdotz*cos(ty)*sin(tx)**2 - (Ix*Iy*tdoty*sin(2*tx))/2 + (Ix*Iz*tdoty*sin(2*tx))/2 - Ix*Iz*tdotz*cos(tx)**2*cos(ty) - Ix*Iy*tdotz*cos(ty)*sin(tx)**2))/(Iy*Iz),(dt*(Iy*Iz + (Iy**2*dt*tdotx*sin(2*tx))/2 - (Iz**2*dt*tdotx*sin(2*tx))/2 - (Ix*Iy*dt*tdotx*sin(2*tx))/2 + (Ix*Iz*dt*tdotx*sin(2*tx))/2 - Iy**2*dt*tdotz*cos(tx)*sin(tx)*sin(ty) + Iz**2*dt*tdotz*cos(tx)*sin(tx)*sin(ty) + Ix*Iy*dt*tdotz*cos(tx)*sin(tx)*sin(ty) - Ix*Iz*dt*tdotz*cos(tx)*sin(tx)*sin(ty)))/(Iy*Iz),(dt**2*(Iz**2*tdotx*cos(tx)**2*cos(ty) + Iy**2*tdotx*cos(ty)*sin(tx)**2 - Iy**2*tdoty*cos(tx)*sin(tx)*sin(ty) + Iz**2*tdoty*cos(tx)*sin(tx)*sin(ty) - 2*Iz**2*tdotz*cos(tx)**2*cos(ty)*sin(ty) - Ix*Iz*tdotx*cos(tx)**2*cos(ty) - 2*Iy**2*tdotz*cos(ty)*sin(tx)**2*sin(ty) - Ix*Iy*tdotx*cos(ty)*sin(tx)**2 + Ix*Iy*tdoty*cos(tx)*sin(tx)*sin(ty) - Ix*Iz*tdoty*cos(tx)*sin(tx)*sin(ty) + 2*Ix*Iz*tdotz*cos(tx)**2*cos(ty)*sin(ty) + 2*Ix*Iy*tdotz*cos(ty)*sin(tx)**2*sin(ty)))/(Iy*Iz)
0,0,0,0,0,0,-(dt**2*(Iy*tauz*sin(tx) + (Iy**2*tdotz**2*sin(2*ty))/2 - (Iz**2*tdotz**2*sin(2*ty))/2 - Iz*tauy*cos(tx) - (Ix*Iy*tdotz**2*sin(2*ty))/2 + (Ix*Iz*tdotz**2*sin(2*ty))/2 - Iy**2*tdotx*tdoty*sin(2*tx) + Iz**2*tdotx*tdoty*sin(2*tx) - Iy**2*tdotx*tdotz*cos(ty) + Iz**2*tdotx*tdotz*cos(ty) + 2*Iy**2*tdotx*tdotz*cos(tx)**2*cos(ty) - 2*Iz**2*tdotx*tdotz*cos(tx)**2*cos(ty) + Ix*Iy*tdotx*tdoty*sin(2*tx) - Ix*Iz*tdotx*tdoty*sin(2*tx) + Ix*Iy*tdotx*tdotz*cos(ty) - Ix*Iz*tdotx*tdotz*cos(ty) - 2*Iy**2*tdotz**2*cos(tx)**2*cos(ty)*sin(ty) + 2*Iz**2*tdotz**2*cos(tx)**2*cos(ty)*sin(ty) + 2*Iy**2*tdoty*tdotz*cos(tx)*sin(tx)*sin(ty) - 2*Iz**2*tdoty*tdotz*cos(tx)*sin(tx)*sin(ty) + 2*Ix*Iy*tdotz**2*cos(tx)**2*cos(ty)*sin(ty) - 2*Ix*Iz*tdotz**2*cos(tx)**2*cos(ty)*sin(ty) - 2*Ix*Iy*tdotx*tdotz*cos(tx)**2*cos(ty) + 2*Ix*Iz*tdotx*tdotz*cos(tx)**2*cos(ty) - 2*Ix*Iy*tdoty*tdotz*cos(tx)*sin(tx)*sin(ty) + 2*Ix*Iz*tdoty*tdotz*cos(tx)*sin(tx)*sin(ty)))/(Iy*Iz*cos(ty)),(dt**2*(Iz**2*tdoty*tdotz + Iy**2*tdoty*tdotz*cos(tx)**2 - Iz**2*tdoty*tdotz*cos(tx)**2 - Iz**2*tdotx*tdoty*sin(ty) - Ix*Iz*tdoty*tdotz + Iy*tauz*cos(tx)*sin(ty) + Iz*tauy*sin(tx)*sin(ty) - Iy**2*tdotx*tdoty*cos(tx)**2*sin(ty) + Iz**2*tdotx*tdoty*cos(tx)**2*sin(ty) - Ix*Iy*tdoty*tdotz*cos(tx)**2 + Ix*Iz*tdoty*tdotz*cos(tx)**2 + Ix*Iz*tdotx*tdoty*sin(ty) + Iy**2*tdotz**2*cos(tx)*cos(ty)**3*sin(tx) - Iz**2*tdotz**2*cos(tx)*cos(ty)**3*sin(tx) - Ix*Iy*tdotz**2*cos(tx)*cos(ty)**3*sin(tx) + Ix*Iz*tdotz**2*cos(tx)*cos(ty)**3*sin(tx) + Ix*Iy*tdotx*tdoty*cos(tx)**2*sin(ty) - Ix*Iz*tdotx*tdoty*cos(tx)**2*sin(ty)))/(Iy*Iz*cos(ty)**2),1,-(dt**2*(Iy**2*tdoty*cos(tx)**2 + Iz**2*tdoty*sin(tx)**2 - Ix*Iy*tdoty*cos(tx)**2 - Ix*Iz*tdoty*sin(tx)**2 + Iy**2*tdotz*cos(tx)*cos(ty)*sin(tx) - Iz**2*tdotz*cos(tx)*cos(ty)*sin(tx) - Ix*Iy*tdotz*cos(tx)*cos(ty)*sin(tx) + Ix*Iz*tdotz*cos(tx)*cos(ty)*sin(tx)))/(Iy*Iz*cos(ty)),-(dt**2*(tdotx - tdotz*sin(ty))*(Iy**2*cos(tx)**2 + Iz**2*sin(tx)**2 - Ix*Iy*cos(tx)**2 - Ix*Iz*sin(tx)**2))/(Iy*Iz*cos(ty)),(dt*(Iy*Iz*cos(tx)**2*cos(ty) + Iy*Iz*cos(ty)*sin(tx)**2 + Iy**2*dt*tdoty*cos(tx)**2*sin(ty) + Iz**2*dt*tdoty*sin(tx)**2*sin(ty) - Iy**2*dt*tdotx*cos(tx)*cos(ty)*sin(tx) + Iz**2*dt*tdotx*cos(tx)*cos(ty)*sin(tx) - Ix*Iy*dt*tdoty*cos(tx)**2*sin(ty) - Ix*Iz*dt*tdoty*sin(tx)**2*sin(ty) + 2*Iy**2*dt*tdotz*cos(tx)*cos(ty)*sin(tx)*sin(ty) - 2*Iz**2*dt*tdotz*cos(tx)*cos(ty)*sin(tx)*sin(ty) + Ix*Iy*dt*tdotx*cos(tx)*cos(ty)*sin(tx) - Ix*Iz*dt*tdotx*cos(tx)*cos(ty)*sin(tx) - 2*Ix*Iy*dt*tdotz*cos(tx)*cos(ty)*sin(tx)*sin(ty) + 2*Ix*Iz*dt*tdotz*cos(tx)*cos(ty)*sin(tx)*sin(ty)))/(Iy*Iz*cos(ty))
0,0,0,0,0,0,(Iy*Iz**2*dt*tdotz**2*cos(ty)**3*sin(tx)**2 - Iy**2*Iz*dt*tdotz**2*cos(ty)**3*sin(tx)**2 + Ix*Iz*dt*tauy*cos(tx)*sin(ty) + Iy*Iz**2*dt*tdoty**2*cos(tx)**2*cos(ty) - Iy**2*Iz*dt*tdoty**2*cos(tx)**2*cos(ty) - Ix*Iy*dt*tauz*sin(tx)*sin(ty) - Iy*Iz**2*dt*tdoty**2*cos(ty)*sin(tx)**2 + Iy**2*Iz*dt*tdoty**2*cos(ty)*sin(tx)**2 - Iy*Iz**2*dt*tdotz**2*cos(tx)**2*cos(ty)**3 + Iy**2*Iz*dt*tdotz**2*cos(tx)**2*cos(ty)**3 + Ix*Iy**2*dt*tdotz**2*cos(tx)**2*cos(ty)*sin(ty)**2 - Ix**2*Iy*dt*tdotz**2*cos(tx)**2*cos(ty)*sin(ty)**2 - Ix*Iz**2*dt*tdotz**2*cos(tx)**2*cos(ty)*sin(ty)**2 + Ix**2*Iz*dt*tdotz**2*cos(tx)**2*cos(ty)*sin(ty)**2 - Ix*Iy**2*dt*tdotz**2*cos(ty)*sin(tx)**2*sin(ty)**2 + Ix**2*Iy*dt*tdotz**2*cos(ty)*sin(tx)**2*sin(ty)**2 + Ix*Iz**2*dt*tdotz**2*cos(ty)*sin(tx)**2*sin(ty)**2 - Ix**2*Iz*dt*tdotz**2*cos(ty)*sin(tx)**2*sin(ty)**2 + 2*Ix*Iy**2*dt*tdotx*tdoty*cos(tx)*sin(tx)*sin(ty) - 2*Ix**2*Iy*dt*tdotx*tdoty*cos(tx)*sin(tx)*sin(ty) - 2*Ix*Iz**2*dt*tdotx*tdoty*cos(tx)*sin(tx)*sin(ty) + 2*Ix**2*Iz*dt*tdotx*tdoty*cos(tx)*sin(tx)*sin(ty) - Ix*Iy**2*dt*tdotx*tdotz*cos(tx)**2*cos(ty)*sin(ty) + Ix**2*Iy*dt*tdotx*tdotz*cos(tx)**2*cos(ty)*sin(ty) + Ix*Iz**2*dt*tdotx*tdotz*cos(tx)**2*cos(ty)*sin(ty) - Ix**2*Iz*dt*tdotx*tdotz*cos(tx)**2*cos(ty)*sin(ty) + 4*Iy*Iz**2*dt*tdoty*tdotz*cos(tx)*cos(ty)**2*sin(tx) - 4*Iy**2*Iz*dt*tdoty*tdotz*cos(tx)*cos(ty)**2*sin(tx) - 2*Ix*Iy**2*dt*tdoty*tdotz*cos(tx)*sin(tx)*sin(ty)**2 + 2*Ix**2*Iy*dt*tdoty*tdotz*cos(tx)*sin(tx)*sin(ty)**2 + Ix*Iy**2*dt*tdotx*tdotz*cos(ty)*sin(tx)**2*sin(ty) - Ix**2*Iy*dt*tdotx*tdotz*cos(ty)*sin(tx)**2*sin(ty) + 2*Ix*Iz**2*dt*tdoty*tdotz*cos(tx)*sin(tx)*sin(ty)**2 - 2*Ix**2*Iz*dt*tdoty*tdotz*cos(tx)*sin(tx)*sin(ty)**2 - Ix*Iz**2*dt*tdotx*tdotz*cos(ty)*sin(tx)**2*sin(ty) + Ix**2*Iz*dt*tdotx*tdotz*cos(ty)*sin(tx)**2*sin(ty))/(Ix*Iy*Iz*cos(ty)),(Ix**2*Iz*dt*tdotx*tdoty - Ix*Iz**2*dt*tdotx*tdoty + Ix*Iy*dt*tauz*cos(tx) + Ix*Iz*dt*tauy*sin(tx) + Ix*Iz**2*dt*tdoty*tdotz*sin(ty) - Ix**2*Iz*dt*tdoty*tdotz*sin(ty) - Ix*Iy**2*dt*tdotx*tdoty*cos(tx)**2 + Ix**2*Iy*dt*tdotx*tdoty*cos(tx)**2 + Ix*Iz**2*dt*tdotx*tdoty*cos(tx)**2 - Ix**2*Iz*dt*tdotx*tdoty*cos(tx)**2 + Ix*Iy**2*dt*tdoty*tdotz*cos(tx)**2*sin(ty) - Ix**2*Iy*dt*tdoty*tdotz*cos(tx)**2*sin(ty) - Ix*Iz**2*dt*tdoty*tdotz*cos(tx)**2*sin(ty) + Ix**2*Iz*dt*tdoty*tdotz*cos(tx)**2*sin(ty) + Ix*Iz**2*dt*tdoty*tdotz*cos(ty)**2*sin(ty) - Ix**2*Iz*dt*tdoty*tdotz*cos(ty)**2*sin(ty) - Iy*Iz**2*dt*tdoty*tdotz*cos(ty)**2*sin(ty) + Iy**2*Iz*dt*tdoty*tdotz*cos(ty)**2*sin(ty) + 2*Ix*Iy**2*dt*tdotz**2*cos(tx)*cos(ty)**3*sin(tx)*sin(ty) - 2*Ix**2*Iy*dt*tdotz**2*cos(tx)*cos(ty)**3*sin(tx)*sin(ty) - 2*Ix*Iz**2*dt*tdotz**2*cos(tx)*cos(ty)**3*sin(tx)*sin(ty) + 2*Ix**2*Iz*dt*tdotz**2*cos(tx)*cos(ty)**3*sin(tx)*sin(ty) + 2*Iy*Iz**2*dt*tdotz**2*cos(tx)*cos(ty)**3*sin(tx)*sin(ty) - 2*Iy**2*Iz*dt*tdotz**2*cos(tx)*cos(ty)**3*sin(tx)*sin(ty) - Ix*Iy**2*dt*tdotx*tdotz*cos(tx)*cos(ty)**3*sin(tx) + Ix**2*Iy*dt*tdotx*tdotz*cos(tx)*cos(ty)**3*sin(tx) + Ix*Iz**2*dt*tdotx*tdotz*cos(tx)*cos(ty)**3*sin(tx) - Ix**2*Iz*dt*tdotx*tdotz*cos(tx)*cos(ty)**3*sin(tx) + Ix*Iy**2*dt*tdoty*tdotz*cos(tx)**2*cos(ty)**2*sin(ty) - Ix**2*Iy*dt*tdoty*tdotz*cos(tx)**2*cos(ty)**2*sin(ty) - Ix*Iz**2*dt*tdoty*tdotz*cos(tx)**2*cos(ty)**2*sin(ty) + Ix**2*Iz*dt*tdoty*tdotz*cos(tx)**2*cos(ty)**2*sin(ty) + 2*Iy*Iz**2*dt*tdoty*tdotz*cos(tx)**2*cos(ty)**2*sin(ty) - 2*Iy**2*Iz*dt*tdoty*tdotz*cos(tx)**2*cos(ty)**2*sin(ty))/(Ix*Iy*Iz*cos(ty)**2),0,(Iy*Iz*cos(ty) - Iy**2*dt*tdoty*cos(tx)**2*sin(ty) - Iz**2*dt*tdoty*sin(tx)**2*sin(ty) + Ix*Iy*dt*tdoty*cos(tx)**2*sin(ty) + Ix*Iz*dt*tdoty*sin(tx)**2*sin(ty) - Iy**2*dt*tdotz*cos(tx)*cos(ty)*sin(tx)*sin(ty) + Iz**2*dt*tdotz*cos(tx)*cos(ty)*sin(tx)*sin(ty) + Ix*Iy*dt*tdotz*cos(tx)*cos(ty)*sin(tx)*sin(ty) - Ix*Iz*dt*tdotz*cos(tx)*cos(ty)*sin(tx)*sin(ty))/(Iy*Iz*cos(ty)),-(dt*(Iy*Iz**2*tdotz*cos(tx)**2*cos(ty)**2 - Iy**2*Iz*tdotz*cos(tx)**2*cos(ty)**2 - Ix*Iy**2*tdotz*cos(tx)**2*sin(ty)**2 + Ix**2*Iy*tdotz*cos(tx)**2*sin(ty)**2 - Iy*Iz**2*tdotz*cos(ty)**2*sin(tx)**2 + Iy**2*Iz*tdotz*cos(ty)**2*sin(tx)**2 - Ix*Iz**2*tdotz*sin(tx)**2*sin(ty)**2 + Ix**2*Iz*tdotz*sin(tx)**2*sin(ty)**2 + Ix*Iy**2*tdotx*cos(tx)**2*sin(ty) - Ix**2*Iy*tdotx*cos(tx)**2*sin(ty) + Ix*Iz**2*tdotx*sin(tx)**2*sin(ty) - Ix**2*Iz*tdotx*sin(tx)**2*sin(ty) - 2*Iy*Iz**2*tdoty*cos(tx)*cos(ty)*sin(tx) + 2*Iy**2*Iz*tdoty*cos(tx)*cos(ty)*sin(tx)))/(Ix*Iy*Iz*cos(ty)),(Ix*Iy*Iz*cos(tx)**2*cos(ty)*sin(ty) - (Ix*Iy*Iz*sin(2*ty))/2 + Ix*Iy*Iz*cos(ty)*sin(tx)**2*sin(ty) - Iy*Iz**2*dt*tdoty*cos(tx)**2*cos(ty)**2 + Iy**2*Iz*dt*tdoty*cos(tx)**2*cos(ty)**2 + Ix*Iy**2*dt*tdoty*cos(tx)**2*sin(ty)**2 - Ix**2*Iy*dt*tdoty*cos(tx)**2*sin(ty)**2 + Iy*Iz**2*dt*tdoty*cos(ty)**2*sin(tx)**2 - Iy**2*Iz*dt*tdoty*cos(ty)**2*sin(tx)**2 + Ix*Iz**2*dt*tdoty*sin(tx)**2*sin(ty)**2 - Ix**2*Iz*dt*tdoty*sin(tx)**2*sin(ty)**2 - 2*Iy*Iz**2*dt*tdotz*cos(tx)*cos(ty)**3*sin(tx) + 2*Iy**2*Iz*dt*tdotz*cos(tx)*cos(ty)**3*sin(tx) + 2*Ix*Iy**2*dt*tdotz*cos(tx)*cos(ty)*sin(tx)*sin(ty)**2 - 2*Ix**2*Iy*dt*tdotz*cos(tx)*cos(ty)*sin(tx)*sin(ty)**2 - 2*Ix*Iz**2*dt*tdotz*cos(tx)*cos(ty)*sin(tx)*sin(ty)**2 + 2*Ix**2*Iz*dt*tdotz*cos(tx)*cos(ty)*sin(tx)*sin(ty)**2 - Ix*Iy**2*dt*tdotx*cos(tx)*cos(ty)*sin(tx)*sin(ty) + Ix**2*Iy*dt*tdotx*cos(tx)*cos(ty)*sin(tx)*sin(ty) + Ix*Iz**2*dt*tdotx*cos(tx)*cos(ty)*sin(tx)*sin(ty) - Ix**2*Iz*dt*tdotx*cos(tx)*cos(ty)*sin(tx)*sin(ty))/(Ix*Iy*Iz*cos(ty))
0,0,0,0,0,0,-(dt*(Iz*tauy*sin(tx) + Iy**2*tdotx*tdoty - Iz**2*tdotx*tdoty + Iy*tauz*cos(tx) - 2*Iy**2*tdotx*tdoty*cos(tx)**2 + 2*Iz**2*tdotx*tdoty*cos(tx)**2 - Iy**2*tdoty*tdotz*sin(ty) + Iz**2*tdoty*tdotz*sin(ty) - Ix*Iy*tdotx*tdoty + Ix*Iz*tdotx*tdoty + 2*Iy**2*tdoty*tdotz*cos(tx)**2*sin(ty) - 2*Iz**2*tdoty*tdotz*cos(tx)**2*sin(ty) + 2*Ix*Iy*tdotx*tdoty*cos(tx)**2 - 2*Ix*Iz*tdotx*tdoty*cos(tx)**2 + Ix*Iy*tdoty*tdotz*sin(ty) - Ix*Iz*tdoty*tdotz*sin(ty) + 2*Iy**2*tdotz**2*cos(tx)*cos(ty)*sin(tx)*sin(ty) - 2*Iz**2*tdotz**2*cos(tx)*cos(ty)*sin(tx)*sin(ty) - 2*Iy**2*tdotx*tdotz*cos(tx)*cos(ty)*sin(tx) + 2*Iz**2*tdotx*tdotz*cos(tx)*cos(ty)*sin(tx) - 2*Ix*Iy*tdoty*tdotz*cos(tx)**2*sin(ty) + 2*Ix*Iz*tdoty*tdotz*cos(tx)**2*sin(ty) - 2*Ix*Iy*tdotz**2*cos(tx)*cos(ty)*sin(tx)*sin(ty) + 2*Ix*Iz*tdotz**2*cos(tx)*cos(ty)*sin(tx)*sin(ty) + 2*Ix*Iy*tdotx*tdotz*cos(tx)*cos(ty)*sin(tx) - 2*Ix*Iz*tdotx*tdotz*cos(tx)*cos(ty)*sin(tx)))/(Iy*Iz),(dt*tdotz*(Iy**2*tdotz*sin(tx)**2*sin(ty)**2 - Iz**2*tdotx*cos(tx)**2*sin(ty) - Iy**2*tdotx*sin(tx)**2*sin(ty) - Iz**2*tdotz*cos(tx)**2*cos(ty)**2 - Iy**2*tdotz*cos(ty)**2*sin(tx)**2 + Iz**2*tdotz*cos(tx)**2*sin(ty)**2 - Iy**2*tdoty*cos(tx)*cos(ty)*sin(tx) + Iz**2*tdoty*cos(tx)*cos(ty)*sin(tx) + Ix*Iz*tdotx*cos(tx)**2*sin(ty) + Ix*Iy*tdotx*sin(tx)**2*sin(ty) + Ix*Iz*tdotz*cos(tx)**2*cos(ty)**2 + Ix*Iy*tdotz*cos(ty)**2*sin(tx)**2 - Ix*Iz*tdotz*cos(tx)**2*sin(ty)**2 - Ix*Iy*tdotz*sin(tx)**2*sin(ty)**2 + Ix*Iy*tdoty*cos(tx)*cos(ty)*sin(tx) - Ix*Iz*tdoty*cos(tx)*cos(ty)*sin(tx)))/(Iy*Iz),0,(dt*((Iy**2*tdoty*sin(2*tx))/2 - (Iz**2*tdoty*sin(2*tx))/2 + Iz**2*tdotz*cos(tx)**2*cos(ty) + Iy**2*tdotz*cos(ty)*sin(tx)**2 - (Ix*Iy*tdoty*sin(2*tx))/2 + (Ix*Iz*tdoty*sin(2*tx))/2 - Ix*Iz*tdotz*cos(tx)**2*cos(ty) - Ix*Iy*tdotz*cos(ty)*sin(tx)**2))/(Iy*Iz),(2*Iy*Iz + Iy**2*dt*tdotx*sin(2*tx) - Iz**2*dt*tdotx*sin(2*tx) - Ix*Iy*dt*tdotx*sin(2*tx) + Ix*Iz*dt*tdotx*sin(2*tx) - 2*Iy**2*dt*tdotz*cos(tx)*sin(tx)*sin(ty) + 2*Iz**2*dt*tdotz*cos(tx)*sin(tx)*sin(ty) + 2*Ix*Iy*dt*tdotz*cos(tx)*sin(tx)*sin(ty) - 2*Ix*Iz*dt*tdotz*cos(tx)*sin(tx)*sin(ty))/(2*Iy*Iz),(dt*(Iz**2*tdotx*cos(tx)**2*cos(ty) + Iy**2*tdotx*cos(ty)*sin(tx)**2 - Iy**2*tdoty*cos(tx)*sin(tx)*sin(ty) + Iz**2*tdoty*cos(tx)*sin(tx)*sin(ty) - 2*Iz**2*tdotz*cos(tx)**2*cos(ty)*sin(ty) - Ix*Iz*tdotx*cos(tx)**2*cos(ty) - 2*Iy**2*tdotz*cos(ty)*sin(tx)**2*sin(ty) - Ix*Iy*tdotx*cos(ty)*sin(tx)**2 + Ix*Iy*tdoty*cos(tx)*sin(tx)*sin(ty) - Ix*Iz*tdoty*cos(tx)*sin(tx)*sin(ty) + 2*Ix*Iz*tdotz*cos(tx)**2*cos(ty)*sin(ty) + 2*Ix*Iy*tdotz*cos(ty)*sin(tx)**2*sin(ty)))/(Iy*Iz)
0,0,0,0,0,0,-(dt*(Iy*tauz*sin(tx) + (Iy**2*tdotz**2*sin(2*ty))/2 - (Iz**2*tdotz**2*sin(2*ty))/2 - Iz*tauy*cos(tx) - (Ix*Iy*tdotz**2*sin(2*ty))/2 + (Ix*Iz*tdotz**2*sin(2*ty))/2 - Iy**2*tdotx*tdoty*sin(2*tx) + Iz**2*tdotx*tdoty*sin(2*tx) - Iy**2*tdotx*tdotz*cos(ty) + Iz**2*tdotx*tdotz*cos(ty) + 2*Iy**2*tdotx*tdotz*cos(tx)**2*cos(ty) - 2*Iz**2*tdotx*tdotz*cos(tx)**2*cos(ty) + Ix*Iy*tdotx*tdoty*sin(2*tx) - Ix*Iz*tdotx*tdoty*sin(2*tx) + Ix*Iy*tdotx*tdotz*cos(ty) - Ix*Iz*tdotx*tdotz*cos(ty) - 2*Iy**2*tdotz**2*cos(tx)**2*cos(ty)*sin(ty) + 2*Iz**2*tdotz**2*cos(tx)**2*cos(ty)*sin(ty) + 2*Iy**2*tdoty*tdotz*cos(tx)*sin(tx)*sin(ty) - 2*Iz**2*tdoty*tdotz*cos(tx)*sin(tx)*sin(ty) + 2*Ix*Iy*tdotz**2*cos(tx)**2*cos(ty)*sin(ty) - 2*Ix*Iz*tdotz**2*cos(tx)**2*cos(ty)*sin(ty) - 2*Ix*Iy*tdotx*tdotz*cos(tx)**2*cos(ty) + 2*Ix*Iz*tdotx*tdotz*cos(tx)**2*cos(ty) - 2*Ix*Iy*tdoty*tdotz*cos(tx)*sin(tx)*sin(ty) + 2*Ix*Iz*tdoty*tdotz*cos(tx)*sin(tx)*sin(ty)))/(Iy*Iz*cos(ty)),(dt*(Iz**2*tdoty*tdotz + Iy**2*tdoty*tdotz*cos(tx)**2 - Iz**2*tdoty*tdotz*cos(tx)**2 - Iz**2*tdotx*tdoty*sin(ty) - Ix*Iz*tdoty*tdotz + Iy*tauz*cos(tx)*sin(ty) + Iz*tauy*sin(tx)*sin(ty) - Iy**2*tdotx*tdoty*cos(tx)**2*sin(ty) + Iz**2*tdotx*tdoty*cos(tx)**2*sin(ty) - Ix*Iy*tdoty*tdotz*cos(tx)**2 + Ix*Iz*tdoty*tdotz*cos(tx)**2 + Ix*Iz*tdotx*tdoty*sin(ty) + Iy**2*tdotz**2*cos(tx)*cos(ty)**3*sin(tx) - Iz**2*tdotz**2*cos(tx)*cos(ty)**3*sin(tx) - Ix*Iy*tdotz**2*cos(tx)*cos(ty)**3*sin(tx) + Ix*Iz*tdotz**2*cos(tx)*cos(ty)**3*sin(tx) + Ix*Iy*tdotx*tdoty*cos(tx)**2*sin(ty) - Ix*Iz*tdotx*tdoty*cos(tx)**2*sin(ty)))/(Iy*Iz*cos(ty)**2),0,-(dt*(Iy**2*tdoty*cos(tx)**2 + Iz**2*tdoty*sin(tx)**2 - Ix*Iy*tdoty*cos(tx)**2 - Ix*Iz*tdoty*sin(tx)**2 + Iy**2*tdotz*cos(tx)*cos(ty)*sin(tx) - Iz**2*tdotz*cos(tx)*cos(ty)*sin(tx) - Ix*Iy*tdotz*cos(tx)*cos(ty)*sin(tx) + Ix*Iz*tdotz*cos(tx)*cos(ty)*sin(tx)))/(Iy*Iz*cos(ty)),-(dt*(tdotx - tdotz*sin(ty))*(Iy**2*cos(tx)**2 + Iz**2*sin(tx)**2 - Ix*Iy*cos(tx)**2 - Ix*Iz*sin(tx)**2))/(Iy*Iz*cos(ty)),(Iy*Iz*cos(tx)**2*cos(ty) + Iy*Iz*cos(ty)*sin(tx)**2 + Iy**2*dt*tdoty*cos(tx)**2*sin(ty) + Iz**2*dt*tdoty*sin(tx)**2*sin(ty) - Iy**2*dt*tdotx*cos(tx)*cos(ty)*sin(tx) + Iz**2*dt*tdotx*cos(tx)*cos(ty)*sin(tx) - Ix*Iy*dt*tdoty*cos(tx)**2*sin(ty) - Ix*Iz*dt*tdoty*sin(tx)**2*sin(ty) + 2*Iy**2*dt*tdotz*cos(tx)*cos(ty)*sin(tx)*sin(ty) - 2*Iz**2*dt*tdotz*cos(tx)*cos(ty)*sin(tx)*sin(ty) + Ix*Iy*dt*tdotx*cos(tx)*cos(ty)*sin(tx) - Ix*Iz*dt*tdotx*cos(tx)*cos(ty)*sin(tx) - 2*Ix*Iy*dt*tdotz*cos(tx)*cos(ty)*sin(tx)*sin(ty) + 2*Ix*Iz*dt*tdotz*cos(tx)*cos(ty)*sin(tx)*sin(ty))/(Iy*Iz*cos(ty))
